City,Cloudiness,Country,Date,Humidity,Lat,Lng,Max Temp,Wind Speed
Blankenberge,16,BE,1603330338,81,51.31,3.13,57.0,3.0
Rawson,31,AR,1603330248,38,-43.3,-65.1,56.95,20.4
Yellowknife,75,CA,1603330290,79,62.46,-114.35,24.8,16.11
Hithadhoo,12,MV,1603330338,74,-0.6,73.08,82.6,12.88
Shingū,75,JP,1603330339,69,33.73,135.98,73.4,11.41
Upernavik,66,GL,1603330339,95,72.79,-56.15,23.61,3.58
Namatanai,2,PG,1603330339,66,-3.67,152.43,85.3,7.72
Ushuaia,75,AR,1603330334,53,-54.8,-68.3,50.0,10.29
Kapaa,75,US,1603330340,74,22.08,-159.32,82.99,12.75
Mataura,91,NZ,1603330340,41,-46.19,168.86,64.09,4.99
Mehamn,0,NO,1603330340,94,71.04,27.85,29.59,7.02
Longyearbyen,75,SJ,1603330341,73,78.22,15.64,21.2,8.05
Taoudenni,42,ML,1603330341,17,22.68,-3.98,79.54,6.6
Mar del Plata,0,AR,1603330181,71,-38.0,-57.56,54.0,17.22
Nanortalik,99,GL,1603329784,84,60.14,-45.24,33.93,28.59
Sochi,16,RU,1603330198,71,43.6,39.73,53.01,4.47
Senno,100,RU,1603330342,92,59.53,33.92,35.28,8.86
Aklavik,20,CA,1603330342,78,68.22,-135.01,17.6,4.7
Marsá Maţrūḩ,3,EG,1603330342,60,31.35,27.25,73.4,4.56
Avarua,100,CK,1603330342,83,-21.21,-159.78,77.0,8.05
Nchelenge,92,ZM,1603330343,79,-9.35,28.73,73.15,3.69
Hilo,1,US,1603330119,58,19.73,-155.09,84.2,9.17
Hervey Bay,90,AU,1603330343,54,-25.3,152.85,79.0,11.41
Limbang,75,MY,1603330343,78,4.75,115.0,82.4,10.29
Mount Gambier,40,AU,1603330343,63,-37.83,140.77,62.6,9.17
Broome,90,US,1603330344,88,42.25,-75.83,64.4,4.7
Port Elizabeth,0,ZA,1603330344,93,-33.92,25.57,55.4,3.36
Ribeira Grande,97,PT,1603330344,71,38.52,-28.7,63.18,16.62
Ilulissat,100,GL,1603330344,74,69.22,-51.1,28.4,4.7
Cape Town,0,ZA,1603330344,87,-33.93,18.42,59.0,14.99
Atbasar,100,KZ,1603330345,77,51.8,68.33,37.24,10.54
Rikitea,100,PF,1603330345,72,-23.12,-134.97,74.34,1.86
Jamestown,75,US,1603330345,93,42.1,-79.24,54.0,5.82
Maltahöhe,66,NA,1603330345,23,-24.83,16.98,68.67,12.59
Hobart,75,AU,1603330221,58,-42.88,147.33,64.99,9.17
Egvekinot,97,RU,1603330346,99,66.32,-179.17,32.16,3.8
Puerto Ayora,98,EC,1603330346,91,-0.74,-90.35,69.01,3.0
Khatanga,60,RU,1603330346,91,71.97,102.5,4.59,8.63
Baykit,100,RU,1603329801,89,61.67,96.37,36.9,4.9
Chingirlau,0,KZ,1603330347,93,51.09,54.08,29.41,8.77
Kontagora,0,NG,1603330347,61,10.4,5.47,73.99,0.43
Saint-Imier,100,CH,1603330347,81,47.15,7.0,48.2,1.52
Butaritari,7,KI,1603330347,71,3.07,172.79,81.95,8.93
Yeppoon,20,AU,1603330348,65,-23.13,150.73,77.0,6.93
Albany,100,US,1603330348,83,42.6,-73.97,66.0,2.95
Bambous Virieux,40,MU,1603330348,78,-20.34,57.76,73.4,10.29
Keti Bandar,57,PK,1603330348,54,24.14,67.45,77.97,5.26
Crotone,99,IT,1603330349,52,39.09,17.12,60.53,3.15
Beringovskiy,86,RU,1603329807,77,63.05,179.32,41.23,7.0
Pisco,0,PE,1603330349,82,-13.7,-76.22,63.0,17.22
Atuona,0,PF,1603330349,72,-9.8,-139.03,77.92,16.26
Hofn,52,IS,1603330350,82,64.25,-15.21,35.8,8.68
Nouadhibou,0,MR,1603329769,94,20.93,-17.03,69.8,12.75
Castro,19,BR,1603330157,94,-24.79,-50.01,59.67,8.55
Itoman,75,JP,1603330350,94,26.12,127.67,77.0,6.93
Muriwai Beach,98,NZ,1603330350,59,-36.82,174.45,73.0,4.0
Bredasdorp,0,ZA,1603330350,87,-34.53,20.04,57.2,3.36
Saskylakh,8,RU,1603330351,94,71.92,114.08,6.04,7.45
Tuktoyaktuk,40,CA,1603330351,78,69.45,-133.04,17.6,11.41
Port Alfred,0,ZA,1603330351,81,-33.59,26.89,61.68,9.17
Lebu,0,CL,1603330351,82,-37.62,-73.65,47.3,15.12
Fountain,1,US,1603330352,26,38.68,-104.7,60.8,8.05
Ukiah,1,US,1603329965,31,39.15,-123.21,78.8,6.93
Vaini,75,TO,1603330352,78,-21.2,-175.2,75.2,9.17
Ponta Delgada,75,PT,1603329531,82,37.73,-25.67,59.0,9.17
Coyhaique,0,CL,1603330352,46,-45.58,-72.07,50.0,4.7
Bosaso,44,SO,1603330353,63,11.28,49.18,79.29,4.12
Sitka,1,US,1603330353,44,57.05,-135.33,37.4,8.05
Buala,100,SB,1603330353,76,-8.14,159.59,81.39,9.22
Sabha,15,LY,1603330353,51,27.04,14.43,67.95,10.96
Acaraú,3,BR,1603329704,81,-2.89,-40.12,79.81,16.58
Pacifica,1,US,1603330353,77,37.61,-122.49,64.99,4.7
Ol'ga,26,RU,1603330354,72,43.74,135.29,61.39,2.01
Los Llanos de Aridane,3,ES,1603330354,68,28.66,-17.92,68.0,6.93
Vostok,100,RU,1603330354,100,46.49,135.88,41.79,2.55
Shimoda,75,JP,1603330354,72,34.67,138.95,66.2,13.87
Touros,75,BR,1603329595,94,-5.2,-35.46,77.0,2.24
Bastrop,1,US,1603330355,100,32.76,-91.87,71.6,4.85
Qaanaaq,100,GL,1603330355,85,77.48,-69.36,20.17,6.58
Provincia di Campobasso,100,IT,1603330355,91,41.63,14.58,57.0,4.14
Ust-Nera,100,RU,1603330355,89,64.57,143.2,12.79,5.17
Provideniya,90,RU,1603330356,86,64.38,-173.3,41.0,4.47
Carutapera,87,BR,1603330356,81,-1.2,-46.02,78.44,6.87
Kamina,100,CD,1603330356,92,-8.74,24.99,65.88,3.44
Flinders,75,AU,1603330356,72,-34.58,150.86,75.0,8.05
Havre-St-Pierre,90,CA,1603330082,100,50.23,-63.6,35.6,11.41
Tazovsky,86,RU,1603330356,97,67.47,78.7,15.04,11.07
Alakurtti,100,RU,1603330357,89,66.97,30.35,28.0,8.01
Iqaluit,90,CA,1603330212,93,63.75,-68.51,32.0,8.05
Punta Arenas,75,CL,1603330357,61,-53.15,-70.92,48.2,6.93
San Jerónimo,35,PE,1603330357,67,-11.95,-75.28,51.15,2.37
George Town,40,MY,1603330212,74,5.41,100.34,80.6,2.24
Shadrinsk,100,RU,1603330358,95,56.09,63.63,31.28,8.21
Calama,58,CL,1603330088,13,-22.47,-68.93,62.6,11.41
Carnarvon,40,AU,1603330358,56,-24.87,113.63,71.6,19.46
Busselton,22,AU,1603330358,36,-33.65,115.33,66.99,7.96
Najrān,100,SA,1603330359,21,17.49,44.13,62.6,4.7
Bridlington,100,GB,1603330359,87,54.08,-0.19,53.6,8.05
Norman Wells,75,CA,1603330359,85,65.28,-126.83,23.0,14.99
Marquette,100,US,1603330359,79,46.53,-87.63,39.0,6.62
Edgewater,90,US,1603330359,78,28.99,-80.9,80.6,8.05
Tromsø,22,NO,1603330359,79,69.65,18.96,24.8,12.75
Nanpiao,0,CN,1603330360,42,41.1,120.75,46.83,13.58
Havelock,1,US,1603330360,88,34.88,-76.9,71.01,4.7
Cosalá,0,MX,1603330360,86,24.41,-106.69,84.99,5.99
Gushikawa,90,JP,1603330361,94,26.35,127.87,75.2,4.7
Saint-Philippe,68,RE,1603330361,68,-21.36,55.77,69.01,8.05
Mahébourg,40,MU,1603330361,78,-20.41,57.7,73.4,10.29
Saint Paul Harbor,1,US,1603330336,56,57.79,-152.41,44.6,14.99
Lüderitz,25,NA,1603330085,88,-26.65,15.16,58.08,22.1
Dryden,40,CA,1603330362,92,49.78,-92.75,30.2,4.7
Chino Valley,1,US,1603330362,16,34.76,-112.45,71.01,8.05
Jiaojiang,100,CN,1603330362,91,28.68,121.44,63.0,11.43
East London,0,ZA,1603330363,81,-33.02,27.91,62.74,11.16
Dikson,99,RU,1603330363,95,73.51,80.55,23.79,12.17
Bontang,90,ID,1603330363,67,0.13,117.5,85.71,7.25
Meadow Lake,40,US,1603330203,9,34.8,-106.54,71.6,4.7
Kaeo,100,NZ,1603330364,92,-35.1,173.78,59.95,5.23
Berlevåg,13,NO,1603330364,94,70.86,29.09,30.43,8.68
Zeya,100,RU,1603330364,91,53.75,127.27,29.41,7.09
Muros,32,ES,1603329808,87,42.78,-9.06,59.0,13.0
Syracuse,38,IT,1603330364,100,37.09,15.28,59.0,6.93
Srednekolymsk,35,RU,1603330365,91,67.45,153.68,19.94,5.41
Teguise,20,ES,1603330365,83,29.06,-13.56,69.8,7.65
Tena,76,EC,1603330365,85,-0.98,-77.82,68.81,3.0
Ostrovnoy,98,RU,1603330365,97,68.05,39.51,29.39,5.75
Rapid City,90,US,1603330365,92,44.08,-103.23,30.2,5.82
Klaksvík,83,FO,1603330366,64,62.23,-6.59,33.8,2.24
Isangel,20,VU,1603330366,62,-19.55,169.27,86.0,9.17
Kruisfontein,0,ZA,1603330366,72,-34.0,24.73,54.12,4.79
Tiksi,100,RU,1603330366,94,71.69,128.87,11.82,5.01
Fonte Boa,54,BR,1603330367,96,-2.5,-66.27,74.46,0.29
Millington,20,US,1603330323,78,35.34,-89.9,71.6,6.35
Karratha,0,AU,1603330367,21,-20.74,116.85,87.03,7.31
Arraial do Cabo,31,BR,1603330292,88,-22.97,-42.03,72.75,13.15
Asunción,23,PY,1603330367,51,-25.3,-57.64,86.0,5.82
Chui,96,UY,1603330367,76,-33.7,-53.46,58.14,13.69
Sigli,98,ID,1603330368,64,5.38,95.96,83.68,4.03
Ixtapa,75,MX,1603330368,79,20.7,-105.2,86.0,4.7
Great Bend,90,US,1603330325,93,38.36,-98.76,51.8,8.05
Hermanus,0,ZA,1603330368,96,-34.42,19.23,55.0,9.48
Saint George,1,US,1603330251,10,37.1,-113.58,78.8,1.16
Lagoa,78,PT,1603330369,68,39.05,-27.98,62.38,17.54
Airai,0,TL,1603330369,41,-8.93,125.41,80.92,1.12
Krasnosel'kup,87,RU,1603330369,98,65.7,82.47,18.52,5.35
Brae,100,GB,1603330369,70,60.4,-1.35,46.4,21.92
Liuzhou,27,CN,1603330370,57,24.31,109.39,68.83,13.49
Bluff,92,NZ,1603330370,59,-46.6,168.33,56.17,7.7
Leningradskiy,100,RU,1603330370,84,69.38,178.42,35.15,4.05
Pervomayskoye,100,RU,1603330370,65,43.92,46.71,48.51,5.68
Rio Grande,100,BR,1603330370,91,-32.03,-52.1,62.01,10.0
Wanaka,91,NZ,1603330371,40,-44.7,169.15,60.96,2.46
Guerrero Negro,1,MX,1603330371,86,27.98,-114.06,68.05,11.86
Coruripe,87,BR,1603330081,86,-10.13,-36.18,75.88,8.3
Svarstad,100,NO,1603330371,100,59.4,9.97,46.0,9.17
Lake City,40,US,1603330107,88,30.19,-82.64,73.99,5.82
Abu Samrah,0,SY,1603330371,88,35.3,37.18,62.58,7.07
Yar-Sale,91,RU,1603330372,97,66.83,70.83,19.33,12.86
Praia,20,CV,1603329805,74,14.92,-23.51,80.6,17.22
Hasaki,75,JP,1603329796,77,35.73,140.83,68.0,6.93
Oakdale,90,US,1603330372,69,44.96,-92.96,35.6,0.16
Pirogovo,100,RU,1603330372,84,56.78,53.15,30.0,3.0
Cherskiy,0,RU,1603330372,94,68.75,161.3,22.73,8.77
Fereydūnkenār,97,IR,1603330373,73,36.69,52.52,65.73,2.53
Pekan,20,MY,1603330373,88,3.48,103.4,78.8,3.36
Kota,4,IN,1603330219,73,25.18,75.83,73.4,2.06
Cabo San Lucas,5,MX,1603330373,62,22.89,-109.91,86.0,3.36
Bariloche,40,AR,1603329801,66,-41.15,-71.31,51.8,8.05
Bonavista,63,CA,1603330374,88,48.65,-53.11,44.01,5.99
Bonneville,94,FR,1603330374,93,46.08,6.41,50.0,5.82
Centralia,75,US,1603330374,76,46.72,-122.95,48.2,4.7
São Filipe,46,CV,1603330374,75,14.9,-24.5,80.71,4.74
Portland,15,US,1603330060,65,45.52,-122.68,54.0,8.05
Monrovia,100,LR,1603330078,84,6.3,-10.8,78.57,4.94
Khovd,0,MN,1603330375,70,48.01,91.64,36.09,0.83
Yulara,0,AU,1603330375,11,-25.24,130.99,96.8,25.28
Shīeli,1,KZ,1603330375,70,44.17,66.75,41.56,8.66
San Cristobal,51,VE,1603330375,88,7.77,-72.22,66.36,2.51
Maumere,0,ID,1603330376,65,-8.62,122.21,84.36,2.21
Torbay,90,CA,1603330376,93,47.67,-52.73,46.99,10.29
La Ronge,90,CA,1603330377,62,55.1,-105.28,24.8,4.7
Līsakovsk,93,KZ,1603330377,83,52.54,62.49,34.68,11.23
Ust'-Omchug,100,RU,1603330377,81,61.15,149.63,24.03,4.23
Santoña,83,ES,1603330377,49,43.44,-3.46,68.0,4.7
Kiryat Gat,0,IL,1603330201,77,31.61,34.76,71.01,3.36
Sangar,93,RU,1603330377,95,63.92,127.47,18.54,3.96
Coahuayana Viejo,83,MX,1603330378,83,18.73,-103.68,81.12,1.32
Klyuchi,100,RU,1603330378,63,52.27,79.17,46.44,18.84
Bergheim,75,DE,1603330378,67,50.96,6.64,62.6,6.93
Thompson,90,CA,1603330379,92,55.74,-97.86,24.8,3.36
Arauco,0,CL,1603330358,71,-37.25,-73.32,53.6,10.29
Arrifes,75,PT,1603330379,77,37.77,-25.7,60.8,10.29
Bull Savanna,99,JM,1603330380,88,17.89,-77.59,75.51,10.18
Garoowe,1,SO,1603330380,70,8.41,48.48,78.73,4.9
Cidreira,100,BR,1603330380,89,-30.18,-50.21,65.59,17.85
Avera,1,US,1603330380,83,33.19,-82.53,71.6,3.36
Tasiilaq,100,GL,1603330380,80,65.61,-37.64,30.2,4.7
Lompoc,90,US,1603330309,82,34.64,-120.46,60.8,5.82
Barrow,90,US,1603330085,94,71.29,-156.79,33.8,17.22
Faya,56,SA,1603329554,19,18.39,42.45,59.0,4.7
Alihe,0,CN,1603330381,79,50.57,123.72,30.9,12.86
Richards Bay,4,ZA,1603330381,86,-28.78,32.04,62.62,5.79
Chokurdakh,100,RU,1603330382,95,70.63,147.92,12.61,4.34
Nikolskoye,90,RU,1603330382,93,59.7,30.79,39.2,6.71
Visnes,72,NO,1603330382,100,59.36,5.22,50.0,3.36
Plettenberg Bay,0,ZA,1603330382,59,-34.05,23.37,60.76,2.46
Ulladulla,75,AU,1603330383,72,-35.35,150.47,71.01,8.05
Lakes Entrance,81,AU,1603330383,71,-37.88,147.98,62.01,3.0
Bluefields,10,NI,1603330284,83,12.01,-83.76,78.44,1.41
Emirdağ,83,TR,1603330383,81,39.02,31.15,53.26,2.39
Chornukhy,100,UA,1603330383,73,50.27,32.94,47.52,3.94
Upata,28,VE,1603330384,82,8.01,-62.4,82.0,5.99
Tiarei,75,PF,1603330384,69,-17.53,-149.33,80.6,9.17
Bathsheba,40,BB,1603330384,78,13.22,-59.52,82.4,12.75
Lewisporte,90,CA,1603330384,86,49.25,-55.05,42.01,18.34
Lydenburg,0,ZA,1603330384,90,-25.1,30.46,60.01,2.48
Kushmurun,99,KZ,1603330385,84,52.45,64.63,35.6,13.02
Sampit,98,ID,1603330385,61,-2.53,112.95,90.12,2.06
Poum,0,NC,1603330385,76,-20.23,164.02,77.25,13.67
Turan,75,VN,1603330385,78,16.07,108.22,75.2,2.24
Samarinda,73,ID,1603330386,60,-0.5,117.15,87.93,4.14
Ternate,100,ID,1603330386,74,0.8,127.4,83.44,6.38
Talcahuano,0,CL,1603330386,71,-36.72,-73.12,53.6,10.29
Padang,100,ID,1603330386,79,-0.95,100.35,76.96,6.53
San Andrés,40,CO,1603330386,88,12.58,-81.7,80.6,2.24
Kutum,0,SD,1603330386,20,14.2,24.67,71.69,11.81
Esim,44,GH,1603330387,92,4.87,-2.24,76.95,6.85
Vila Franca do Campo,75,PT,1603330387,77,37.72,-25.43,60.8,10.29
Samarai,9,PG,1603330387,80,-10.62,150.67,80.94,10.33
Menongue,96,AO,1603330387,59,-14.66,17.69,66.56,6.29
Fortuna,1,US,1603330387,71,40.6,-124.16,55.99,16.11
Bud,90,US,1603330388,87,39.45,-86.18,59.0,4.7
Kavieng,15,PG,1603330388,68,-2.57,150.8,84.49,8.25
Belyy Yar,92,RU,1603330388,92,53.6,91.39,23.0,2.24
Mount Isa,40,AU,1603330388,21,-20.73,139.5,100.4,9.17
Dale,1,US,1603330389,100,38.17,-86.99,64.99,3.36
Porto Nacional,34,BR,1603330389,58,-10.71,-48.42,82.4,5.82
Faanui,20,PF,1603330389,75,-16.48,-151.75,79.29,10.36
Dano,34,BF,1603330389,47,11.15,-3.07,80.91,5.01
Burnie,53,AU,1603330389,63,-41.07,145.92,62.01,8.01
Aden,24,YE,1603330323,57,12.78,45.04,85.35,3.76
Warkworth,97,NZ,1603330390,66,-36.4,174.67,72.0,7.56
Salalah,40,OM,1603330390,78,17.02,54.09,77.0,3.36
Morón,100,AR,1603330390,97,-34.65,-58.62,60.01,10.0
New Norfolk,40,AU,1603330391,44,-42.78,147.06,64.99,1.99
Esperance,75,AU,1603330314,93,-33.87,121.9,60.8,13.87
Bengkulu,100,ID,1603330391,80,-3.8,102.27,78.89,4.34
Kimbe,42,PG,1603330391,67,-5.55,150.14,86.4,5.28
Radovitskiy,99,RU,1603330392,90,55.13,39.8,35.01,7.0
Arrondissement d'Ajaccio,100,FR,1603330140,76,42.0,8.92,51.8,9.17
Saint-Pierre,56,RE,1603330392,68,-21.34,55.48,69.01,8.05
Clyde River,1,CA,1603330392,78,70.47,-68.59,15.8,5.82
Caravelas,98,BR,1603330393,86,-17.71,-39.25,74.43,4.41
Taksimo,93,RU,1603330393,83,56.34,114.88,24.62,0.22
Manzanillo,100,CU,1603330393,85,20.34,-77.12,76.96,3.49
Beyneu,100,KZ,1603330394,65,45.32,55.2,42.3,8.9
Taloqan,0,AF,1603330394,50,36.74,69.53,45.91,1.79
Soure,2,BR,1603330394,77,-0.72,-48.52,81.07,13.58
Otane,71,NZ,1603330394,61,-39.88,176.63,69.01,7.0
Hedaru,81,TZ,1603330395,85,-4.5,37.9,66.11,1.92
Constitución,0,CL,1603330395,83,-35.33,-72.42,49.24,8.66
Asău,100,RO,1603330395,81,46.43,26.4,46.4,4.7
Orange,40,US,1603330183,73,33.7,-117.77,70.0,8.05
Chirnogeni,0,RO,1603330395,78,43.9,28.23,45.0,6.91
Tilichiki,100,RU,1603330396,86,60.47,166.1,40.03,6.73
Severo-Kuril'sk,95,RU,1603330396,68,50.68,156.12,43.5,14.0
Praia da Vitória,75,PT,1603330396,63,38.73,-27.07,62.6,16.22
Kununurra,100,AU,1603330396,49,-15.77,128.73,93.2,5.82
Nakhon Phanom,100,TH,1603330397,83,17.33,104.42,71.6,4.05
Saint Anthony,90,US,1603330397,74,45.02,-93.22,35.01,0.45
Kumul,0,CN,1603330397,30,42.8,93.45,58.66,7.85
Kunda,0,IN,1603330397,50,25.72,81.52,74.35,3.06
Meïganga,93,CM,1603330397,83,6.52,14.3,63.86,1.05
Santa Maria,70,BR,1603330397,79,-29.68,-53.81,67.23,14.72
Kargil,0,IN,1603330398,67,34.57,76.1,36.19,2.84
Colac,71,AU,1603330398,79,-38.33,143.58,57.99,5.5
Diego de Almagro,0,CL,1603330398,64,-26.37,-70.05,53.91,0.56
Tarauacá,63,BR,1603330398,95,-8.16,-70.77,73.24,1.61
Alta Floresta,100,BR,1603330398,83,-9.88,-56.09,74.1,2.71
Roald,93,NO,1603330399,75,62.58,6.13,42.8,20.8
Prince George,1,CA,1603330122,63,53.92,-122.75,28.99,11.41
San Quintín,14,MX,1603330399,83,30.48,-115.95,66.07,7.96
Mlonggo,20,ID,1603330399,70,-6.53,110.7,84.2,5.82
Ibotirama,53,BR,1603330399,34,-12.19,-43.22,79.32,2.53
Comodoro Rivadavia,0,AR,1603330112,81,-45.87,-67.5,50.0,12.64
Bethel,90,US,1603330400,93,41.37,-73.41,64.99,4.7
Sihorā,60,IN,1603330400,51,23.48,80.12,72.99,2.1
Moindou,90,NC,1603330400,51,-21.69,165.68,84.2,9.17
Souillac,40,MU,1603330400,78,-20.52,57.52,73.4,10.29
Road Town,0,VG,1603330400,84,18.42,-64.62,82.99,1.99
Saint-Augustin,100,CA,1603330401,86,51.23,-58.65,36.88,10.47
Hornepayne,100,CA,1603330401,98,49.21,-84.77,32.47,3.0
Skjervøy,33,NO,1603330401,87,70.03,20.97,33.46,21.61
Manadhoo,85,MV,1603330401,78,5.77,73.38,81.63,10.89
San Patricio,40,US,1603330401,78,28.02,-97.52,80.6,11.41
Kavaratti,100,IN,1603330402,77,10.57,72.64,81.1,15.08
Dakar,88,SN,1603330402,88,14.69,-17.44,80.6,2.24
Henties Bay,5,NA,1603330402,88,-22.12,14.28,60.01,7.56
Dalvik,94,IS,1603330402,86,65.97,-18.53,28.4,2.24
Port Lincoln,100,AU,1603330294,81,-34.73,135.87,60.39,11.97
Laguna,1,US,1603330403,28,38.42,-121.42,82.4,1.23
Uvira,98,CD,1603330403,67,-3.41,29.15,73.76,3.15
Ushtobe,41,KZ,1603330403,37,45.25,77.98,52.86,7.99
Rūdarpur,2,IN,1603330404,67,26.44,83.61,76.68,4.38
Jaisalmer,0,IN,1603330404,19,26.91,70.92,74.66,4.12
Northam,90,GB,1603330404,97,51.03,-4.22,53.01,3.0
Angoram,58,PG,1603330404,77,-4.06,144.07,83.77,5.86
Cortes,100,ES,1603330404,77,41.94,-1.44,62.6,9.17
Gamba,100,GA,1603330405,94,-2.65,10.0,74.89,5.26
Basqal,75,AZ,1603330405,87,40.76,48.39,53.6,3.29
Kungurtug,0,RU,1603330405,80,50.6,97.52,33.12,1.81
Labuhan,100,ID,1603330405,63,-6.88,112.21,86.07,3.76
Gamboula,100,CF,1603330406,95,4.12,15.14,67.8,2.1
Tual,23,ID,1603330406,77,-5.67,132.75,82.31,6.71
Atar,0,MR,1603330406,29,20.52,-13.05,84.09,2.57
Alofi,75,NU,1603330406,83,-19.06,-169.92,78.8,20.8
Dauphin,90,CA,1603330406,92,51.15,-100.05,30.2,4.7
Puerto Escondido,70,MX,1603330406,77,15.85,-97.07,81.0,2.19
Port-Gentil,91,GA,1603330407,86,-0.72,8.78,78.13,11.34
Meulaboh,100,ID,1603330407,72,4.14,96.13,82.08,3.56
Leh,8,IN,1603330407,60,34.17,77.58,36.73,3.27
Échirolles,75,FR,1603330407,87,45.13,5.72,54.0,2.24
Okhotsk,100,RU,1603330407,91,59.38,143.3,35.65,30.74
Lavrentiya,0,RU,1603330408,89,65.58,-171.0,36.97,4.27
Teya,100,RU,1603330408,89,60.38,92.63,36.81,4.72
Kaitangata,99,NZ,1603330408,56,-46.28,169.85,57.22,8.1
Pontes e Lacerda,2,BR,1603330354,69,-15.23,-59.34,76.91,0.94
Kahului,20,US,1603330279,29,20.89,-156.47,91.4,8.05
Dunedin,99,NZ,1603330272,79,-45.87,170.5,54.0,14.0
Bollnäs,100,SE,1603330409,95,61.35,16.39,45.59,2.24
Balakovo,8,RU,1603330409,93,52.03,47.8,30.0,5.97
Sabang,100,ID,1603330409,74,5.89,95.32,83.16,12.62
Douentza,0,ML,1603330409,19,15.0,-2.95,83.91,5.26
Barcelos,40,PT,1603330266,100,41.54,-8.62,55.4,5.82
Yangi Marg`ilon,34,UZ,1603330410,43,40.43,71.72,50.0,6.93
Katsuura,75,JP,1603330410,59,35.13,140.3,66.2,6.93
Pasni,0,PK,1603330411,26,25.26,63.47,75.56,18.5
Husavik,61,IS,1603330411,86,66.04,-17.34,28.4,2.24
Kawhia,20,NZ,1603330411,46,-38.07,174.82,75.99,4.0
Nuuk,82,GL,1603330411,86,64.18,-51.72,30.2,10.29
Mbigou,100,GA,1603330411,98,-1.9,11.91,68.23,2.98
Jalingo,74,NG,1603330412,83,8.88,11.37,74.55,0.6
Port Macquarie,80,AU,1603330252,53,-31.43,152.92,77.0,6.93
Kemisē,13,ET,1603330412,42,10.72,39.87,61.75,5.35
Šamac,100,BA,1603330412,83,45.06,18.47,51.01,1.99
Arrondissement de Saint-Denis,97,FR,1603330412,77,48.92,2.33,60.8,8.05
Chapais,90,CA,1603330413,98,49.78,-74.85,32.0,6.93
Lata,1,PT,1603330413,91,40.16,-8.33,57.0,1.01
Japura,100,ID,1603330413,93,-0.32,102.35,76.17,2.46
Roebourne,0,AU,1603330413,20,-20.78,117.13,88.21,4.7
Acajutla,95,SV,1603330175,100,13.59,-89.83,73.0,1.5
Kholodnyy,100,RU,1603330413,81,62.72,147.95,16.43,1.34
Portel,10,BR,1603330414,81,-1.94,-50.82,78.1,5.39
Osa,100,RU,1603330414,95,57.28,55.46,28.69,11.99
Khani,0,GE,1603330414,87,41.96,42.96,50.0,8.05
Ponta do Sol,75,PT,1603330414,67,32.67,-17.1,62.6,6.93
Slănic-Moldova,100,RO,1603330414,81,46.2,26.43,46.4,4.7
Zhigansk,86,RU,1603330415,96,66.77,123.37,16.92,2.1
Pangnirtung,90,CA,1603330415,86,66.15,-65.71,28.4,5.82
Port Blair,84,IN,1603330415,82,11.67,92.75,82.13,11.97
Inhambane,23,MZ,1603330415,87,-23.86,35.38,71.17,8.66
Korla,0,CN,1603330416,88,41.76,86.15,50.0,1.01
Suhum,40,GH,1603330416,94,6.04,-0.45,78.8,6.93
Ahipara,100,NZ,1603330416,89,-35.17,173.17,61.07,5.1
Dingle,51,PH,1603330416,75,11.0,122.67,85.69,13.11
Naze,75,JP,1603330416,88,28.37,129.48,80.6,11.41
Pradópolis,51,BR,1603330417,69,-21.36,-48.07,75.2,4.7
West Wendover,1,US,1603330417,31,40.74,-114.07,64.4,9.42
Kieta,6,PG,1603330417,72,-6.22,155.63,84.78,7.65
Iguape,6,BR,1603330417,92,-24.71,-47.56,71.11,7.27
Lillooet,90,CA,1603330417,81,50.69,-121.94,42.8,2.42
Manbij,0,SY,1603330418,51,36.53,37.95,60.8,3.2
Narsaq,91,GL,1603330418,80,60.92,-46.05,30.2,2.24
Jaciara,0,BR,1603330418,65,-15.97,-54.97,77.43,1.12
Pevek,12,RU,1603330418,97,69.7,170.31,29.61,5.26
Ust-Tsilma,14,RU,1603330418,97,65.44,52.15,21.07,4.88
Olafsvik,100,IS,1603330419,83,64.89,-23.71,39.81,26.33
Fukuechō,75,JP,1603330419,88,32.69,128.84,66.2,12.75
Vestmannaeyjar,100,IS,1603330419,89,63.44,-20.27,41.77,28.03
Aswān,0,EG,1603330419,25,24.09,32.91,75.52,7.78
Port Hedland,34,AU,1603330419,45,-20.32,118.57,86.0,8.05
Nabire,90,ID,1603330370,71,-3.37,135.48,83.43,4.18
Macao,20,MO,1603330183,69,22.2,113.55,73.4,23.04
Mingora,0,PK,1603330420,34,34.78,72.36,60.04,4.92
Dzaoudzi,75,YT,1603330420,83,-12.79,45.27,78.8,11.41
Abu Dhabi,0,AE,1603330328,78,24.47,54.37,75.2,2.24
Verkhnyaya Inta,97,RU,1603330421,97,65.98,60.31,16.65,7.74
Quatre Cocos,40,MU,1603330421,78,-20.21,57.76,73.4,10.29
Hualmay,21,PE,1603330421,84,-11.1,-77.61,62.8,9.19
Båtsfjord,12,NO,1603330421,94,70.63,29.72,27.52,7.29
Ishigaki,75,JP,1603330421,100,24.34,124.16,80.6,10.29
Zvishavane,100,ZW,1603330422,83,-20.33,30.07,63.37,10.47
Casablanca,40,MA,1603330422,93,33.59,-7.62,64.4,8.05
Alice Springs,20,AU,1603330154,23,-23.7,133.88,95.0,18.34
Bandarbeyla,87,SO,1603330422,67,9.49,50.81,78.67,2.04
Bolshoye Nagatkino,75,RU,1603330422,55,54.52,47.97,35.6,13.42
Gaza,0,PS,1603330423,77,31.5,34.47,71.01,3.36
Kiunga,100,PG,1603330423,65,-6.12,141.29,86.18,2.53
Talara,8,PE,1603330423,88,-4.58,-81.27,64.76,13.82
Kiama,75,AU,1603330423,72,-34.68,150.87,68.0,8.05
Misratah,0,LY,1603330423,63,32.38,15.09,69.49,7.38
Kidal,0,ML,1603330423,13,18.44,1.41,85.55,8.7
Kaili,26,ID,1603330424,59,-3.46,120.21,81.79,4.23
Mianyang,13,CN,1603330424,61,31.46,104.75,63.23,0.43
Dekar,0,BW,1603330424,58,-21.53,21.93,69.48,15.73
‘Ewa Beach,1,US,1603330424,70,21.32,-158.01,84.2,10.29
Itararé,5,BR,1603330424,99,-24.11,-49.33,64.99,4.0
College,90,US,1603330425,79,64.86,-147.8,26.6,4.7
Río Gallegos,100,AR,1603330394,70,-51.62,-69.22,48.2,2.24
Dafeng,0,CN,1603330425,48,23.45,108.59,71.19,12.17
Laas,5,IT,1603330425,100,46.62,10.7,51.01,3.87
Koslan,12,RU,1603330426,97,63.46,48.9,21.34,5.41
Nishihara,90,JP,1603330426,100,26.18,127.76,77.0,9.17
Port Hawkesbury,90,CA,1603330187,100,45.62,-61.35,54.0,9.17
Zavodouspenskoye,100,RU,1603330426,86,56.86,65.02,26.6,6.71
Polunochnoye,100,RU,1603330426,96,60.87,60.42,26.65,4.88
Sémbé,100,CG,1603330427,94,1.65,14.58,69.84,0.76
Hong Kong,36,HK,1603330392,66,22.29,114.16,75.99,1.01
Buraidah,0,SA,1603330427,39,26.33,43.98,62.6,4.7
Opuwo,0,NA,1603330427,71,-18.06,13.84,55.15,1.41
Puro,90,PH,1603330427,72,12.48,123.38,86.05,12.24
Zacualpan,75,MX,1603330428,79,21.25,-105.17,86.0,4.7
Koutiala,45,ML,1603330428,39,12.39,-5.46,81.1,3.22
Auki,71,SB,1603330428,73,-8.77,160.7,83.91,4.14
Hambantota,40,LK,1603330428,100,6.12,81.12,77.0,4.7
Evensk,0,RU,1603330428,76,61.95,159.23,36.21,3.36
Mbaïki,81,CF,1603330429,98,3.87,17.99,67.98,1.32
Mokhotlong,65,LS,1603330429,70,-29.29,29.07,50.74,0.11
Tefé,100,BR,1603330429,96,-3.35,-64.71,74.89,2.59
Ancud,14,CL,1603330429,87,-41.87,-73.82,46.0,4.7
Hamilton,90,US,1603330204,93,39.18,-84.53,64.0,2.89
Sinop Province,0,TR,1603330358,69,41.77,34.87,53.11,3.09
Khanbari,0,NP,1603330430,50,27.37,87.2,72.09,1.34
Salò,3,IT,1603330430,100,45.61,10.53,51.01,1.12
Māchalpur,93,IN,1603330430,46,24.13,76.3,77.45,3.58
Tantoyuca,0,MX,1603330430,92,21.35,-98.23,72.73,2.91
Tateyama,75,JP,1603330328,72,34.98,139.87,66.99,13.87
Sørland,89,NO,1603330431,76,67.67,12.69,37.72,11.9
Gonbad-e Kāvūs,90,IR,1603330431,87,37.25,55.17,59.0,2.66
Mayya,75,RU,1603330431,92,61.73,130.28,14.0,2.55
Belaya Gora,96,RU,1603330431,94,68.53,146.42,9.64,1.48
Tomigusuku,75,JP,1603330308,94,26.18,127.67,77.0,6.93
Plácido de Castro,100,BR,1603330432,97,-10.34,-67.19,73.22,1.59
Kirovskiy,100,RU,1603330432,63,45.09,133.51,47.39,6.08
Batemans Bay,63,AU,1603330432,69,-35.72,150.18,72.0,1.01
Lorengau,88,PG,1603330432,74,-2.02,147.27,83.89,6.4
Eureka,1,US,1603330416,58,40.8,-124.16,59.0,13.87
Purpe,26,RU,1603330433,97,64.48,76.69,16.97,7.9
Ketchikan,20,US,1603330433,80,55.34,-131.65,44.6,9.17
Deputatsky,100,RU,1603330433,96,69.3,139.9,8.6,0.94
Tucuruí,64,BR,1603330433,80,-3.77,-49.67,77.99,3.76
Siniscola,17,IT,1603330434,93,40.57,9.69,51.8,1.12
San Rafael del Sur,40,NI,1603330434,88,11.85,-86.44,78.8,4.7
Qian’an,0,CN,1603330434,61,44.99,124.06,40.15,11.77
Ingrāj Bāzār,8,IN,1603330434,79,25.0,88.15,80.04,6.78
Codrington,65,AU,1603330435,68,-38.27,141.97,61.21,6.76
Kloulklubed,90,PW,1603330435,78,7.04,134.26,82.4,6.93
Beaverlodge,90,CA,1603330435,72,55.22,-119.44,15.8,6.93
Huarmey,74,PE,1603330435,82,-10.07,-78.15,63.97,8.05
Islamkot,4,PK,1603330435,32,24.7,70.18,79.95,7.81
Skibbereen,20,IE,1603330436,93,51.55,-9.27,41.0,6.93
Vila,0,PT,1603330436,92,42.03,-8.16,48.0,1.99
Monaco-Ville,75,FR,1603330220,77,43.73,7.42,61.0,5.82
Paamiut,0,GL,1603330436,85,61.99,-49.67,32.77,23.49
Zheleznogorsk,74,RU,1603330436,90,52.33,35.37,40.01,1.99
Raja,100,SS,1603330437,90,8.46,25.68,70.52,4.09
Fairbanks,90,US,1603330200,79,64.84,-147.72,26.6,6.93
Sur,3,OM,1603330437,67,22.57,59.53,73.89,8.16
Coquimbo,0,CL,1603330437,87,-29.95,-71.34,53.6,6.93
Amapá,12,BR,1603330438,74,1.0,-52.0,77.56,5.12
Biloela,97,AU,1603330438,57,-24.42,150.5,79.48,11.43
Mahibadhoo,7,MV,1603330438,77,3.78,72.97,82.74,15.35
Junín,100,AR,1603330438,95,-34.58,-60.94,54.48,12.57
Waitati,94,NZ,1603330302,79,-45.75,170.57,54.0,14.0
Buenos Aires,90,AR,1603330438,77,-34.61,-58.38,60.8,28.86
Itarema,3,BR,1603330439,81,-2.92,-39.92,79.77,15.73
Kargat,100,RU,1603330439,64,55.2,80.28,41.9,15.5
Bereda,1,ES,1603330439,100,43.27,-7.54,51.01,5.99
Vila Velha,90,BR,1603330197,94,-20.33,-40.29,75.2,2.24
Atchison,91,US,1603330439,94,39.56,-95.12,48.0,4.88
Pacific Grove,1,US,1603330273,72,36.62,-121.92,64.4,3.36
Dargaville,99,NZ,1603330440,58,-35.93,173.88,67.53,1.57
Seddon,57,AU,1603330440,55,-37.81,144.89,66.0,5.82
Lasem,99,ID,1603330440,61,-6.69,111.45,86.45,4.83
Pyn U Lwin,75,MM,1603330440,88,22.03,96.47,77.0,3.36
Lermontovka,87,RU,1603330441,55,47.15,134.34,49.14,8.25
Carbonia,40,IT,1603330441,88,39.17,8.52,68.0,3.36
Kurumkan,15,RU,1603330441,86,54.3,110.3,30.54,1.79
Talnakh,40,RU,1603330441,85,69.49,88.4,10.4,13.42
Manta,40,EC,1603330441,78,-0.95,-80.73,73.4,10.29
Gujar Khan,0,PK,1603330442,62,33.26,73.3,62.01,9.17
Burgeo,100,CA,1603330442,79,47.62,-57.62,48.67,12.26
Maputo,75,MZ,1603330442,77,-25.97,32.59,68.0,5.82
Iroquois Falls,90,CA,1603330442,100,48.77,-80.68,33.8,3.36
Longonjo,82,AO,1603330442,84,-12.91,15.25,61.97,2.24
Stornoway,100,GB,1603330443,87,58.21,-6.39,46.4,21.92
Fuente Palmera,20,ES,1603330443,93,37.7,-5.1,62.6,1.12
Matara,3,LK,1603330443,81,5.95,80.54,80.73,11.81
San Juan,0,AR,1603330239,55,-31.54,-68.54,67.39,23.2
Qui Nhon,100,VN,1603330444,74,13.77,109.23,78.01,9.86
Sechura,12,PE,1603330445,78,-5.56,-80.82,66.34,13.2
Berkåk,29,NO,1603330445,96,62.83,10.01,37.99,2.28
Godhra,20,IN,1603330445,88,22.75,73.63,78.8,3.22
Nagato,75,JP,1603330445,88,34.38,131.2,68.0,20.8
Kamenka,100,RU,1603330446,94,51.32,42.77,35.01,5.37
Sirte,2,LY,1603330446,64,31.21,16.59,67.77,5.06
Bambanglipuro,10,ID,1603330446,61,-7.95,110.28,86.45,5.84
Bandi̇̄pur,0,NP,1603330446,72,27.93,84.42,63.12,2.37
Vanimo,99,PG,1603330446,69,-2.67,141.3,82.13,7.2
Castanhal,64,BR,1603330447,83,-1.29,-47.93,78.8,6.93
Novo Aripuanã,100,BR,1603330447,93,-5.12,-60.38,72.25,2.75
Dicabisagan,100,PH,1603330447,67,17.08,122.42,87.12,14.41
Sydney Mines,90,CA,1603330447,100,46.24,-60.22,53.01,10.29
Kilindoni,79,TZ,1603330447,80,-7.91,39.67,78.33,5.79
Makkah al Mukarramah,0,SA,1603330448,25,21.43,39.83,72.28,1.66
Clarence Town,75,AU,1603330448,53,-32.58,151.78,80.01,5.82
Port-Cartier,90,CA,1603330448,100,50.03,-66.87,36.0,12.75
Grand Gaube,51,MU,1603330448,84,-20.01,57.66,71.01,4.0
Vaitape,22,PF,1603330448,74,-16.52,-151.75,80.13,10.36
Paka,40,MY,1603330449,88,4.64,103.44,80.6,2.24
Kemin,100,KG,1603330449,46,42.78,75.69,48.11,0.78
Seoul,90,KR,1603330449,82,37.57,126.98,60.8,6.11
Falam,100,MM,1603330449,100,22.92,93.68,60.3,1.95
Marrakesh,75,MA,1603330449,77,31.63,-8.01,64.4,3.36
Belgaum,40,IN,1603330450,100,15.87,74.5,68.0,2.1
Puerto Parra,100,CO,1603330450,92,6.65,-74.06,76.26,1.16
Maracaçumé,52,BR,1603330450,87,-2.04,-45.96,74.86,4.07
Novikovo,98,RU,1603330450,82,51.15,37.89,44.69,3.58
Shitanjing,0,CN,1603330451,52,39.23,106.34,41.59,5.01
Shenjiamen,100,CN,1603330451,82,29.96,122.3,64.67,15.68
Payo,100,ID,1603330451,94,-3.75,103.64,73.49,3.02
French Harbor,20,HN,1603330451,83,16.35,-86.43,80.6,3.76
Fort Nelson,75,CA,1603330203,57,58.81,-122.7,23.0,4.7
Obanazawa,75,JP,1603330452,77,38.6,140.4,59.0,3.36
Oranjemund,99,NA,1603330452,49,-28.55,16.43,64.71,5.93
Erzincan Province,0,TR,1603330452,100,39.75,39.5,41.0,0.87
Saint Andrews,40,US,1603330447,78,34.05,-81.13,73.4,3.36
Concordia,1,AR,1603330204,66,-31.39,-58.02,69.01,11.99
Zaysan,0,KZ,1603330453,41,47.47,84.87,50.49,3.96
Dickinson,20,US,1603330453,88,29.46,-95.05,78.01,5.82
Polyarny,90,RU,1603330453,92,69.2,33.45,14.0,5.03
Vardø,60,NO,1603330453,90,70.37,31.11,33.33,8.68
Nelson Bay,75,AU,1603330453,53,-32.72,152.15,79.0,5.82
Mahajanga,20,MG,1603330453,47,-15.72,46.32,75.2,8.05
Geraldton,0,AU,1603330454,60,-28.77,114.6,68.0,5.82
Chara,72,RU,1603330454,85,56.91,118.26,16.79,1.74
Wajima,75,JP,1603330454,49,37.4,136.9,68.0,5.82
Heihe,20,CN,1603330454,58,50.24,127.49,30.2,13.42
Powassan,75,CA,1603330454,87,46.03,-79.35,45.0,9.17
Biscarrosse,6,FR,1603330455,93,44.39,-1.17,51.8,5.82
Saraland,20,US,1603330455,69,30.82,-88.07,80.6,10.29
Tuatapere,100,NZ,1603330455,54,-46.13,167.68,60.04,3.85
Varnavino,0,RU,1603330455,96,57.4,45.09,28.09,6.6
Kropotkin,100,RU,1603330455,51,45.44,40.58,48.0,3.24
Prince Rupert,1,CA,1603330456,75,54.32,-130.32,42.8,2.24
Lao Cai,35,VN,1603330456,44,22.48,103.95,75.13,2.71
Vereya,100,RU,1603330456,93,55.34,36.17,34.0,8.01
Kyren,0,RU,1603330456,72,51.68,102.14,37.18,1.7
Hermiston,90,US,1603330387,61,45.84,-119.29,52.0,4.7
Toora-Khem,50,RU,1603330457,92,52.47,96.11,30.31,2.3
Acapulco de Juárez,75,MX,1603330323,79,16.86,-99.89,84.2,3.36
Tarangnan,95,PH,1603330457,73,11.9,124.75,85.08,5.82
Mackay,40,AU,1603330224,51,-21.15,149.2,84.2,16.11
Tari,0,NG,1603330457,29,12.41,4.49,78.71,3.44
Wuning,100,CN,1603330458,77,29.26,120.23,61.7,2.95
Muyezerskiy,100,RU,1603330458,98,63.93,31.65,30.13,12.33
Comarapa,49,BO,1603330458,92,-17.9,-64.48,57.85,1.43
Hwange,0,ZW,1603330458,54,-18.37,26.5,75.24,6.76
Ubari,0,LY,1603330458,46,26.59,12.78,69.35,8.79
São João da Barra,26,BR,1603330459,87,-21.64,-41.05,73.45,10.2
Rāwatbhāta,42,IN,1603330459,73,24.93,75.58,73.4,1.39
Oistins,40,BB,1603330459,78,13.07,-59.53,82.4,12.75
Coos Bay,1,US,1603330459,71,43.37,-124.22,55.99,17.22
Sinnamary,0,GF,1603330460,83,5.38,-52.95,79.75,9.75
Barra do Garças,92,BR,1603330460,78,-15.89,-52.26,75.52,4.18
Kenai,1,US,1603330387,41,60.55,-151.26,41.0,12.75
San Julián,4,MX,1603330460,46,21.02,-102.17,61.81,4.27
